{
  "eye": {
    "orientation": [
      -0.945992112159729,
      0,
      0,
      0.32418978214263916
    ],
    "magnitude": 1,
    "position": [
      0,
      314.0439147949219,
      -404.38275146484375
    ]
  },
  "radius": 512,
  "type": "ORTHOGRAPHIC"
}